<?xml version="1.0" encoding="UTF-8" standalone="yes" ?><cp:coreProperties xmlns:cp="http://schemas.openxmlformats.org/package/2006/metadata/core-properties" xmlns:dc="http://purl.org/dc/elements/1.1/" xmlns:dcmitype="http://purl.org/dc/dcmitype/" xmlns:dcterms="http://purl.org/dc/terms/" xmlns:xsi="http://www.w3.org/2001/XMLSchema-instance"><cp:category>Model</cp:category><dcterms:created xsi:type="dcterms:W3CDTF">2008-03-19T19:07:07Z</dcterms:created><dc:creator>beard</dc:creator><cp:lastModifiedBy>Sarah and Jesse</cp:lastModifiedBy><dcterms:modified xsi:type="dcterms:W3CDTF">2016-04-23T21:18:43Z</dcterms:modified><cp:revision>1.98</cp:revision><cp:version>R2015b</cp:version></cp:coreProperties>