<?xml version="1.0" encoding="utf-8"?>
<ModelInformation Version="1.0">
  <Model>
    <P Name="SavedCharacterEncoding">windows-1252</P>
    <P Name="ScopeRefreshTime">0.035000</P>
    <P Name="OverrideScopeRefreshTime">off</P>
    <P Name="DisableAllScopes">off</P>
    <P Name="DataTypeOverride">UseLocalSettings</P>
    <P Name="DataTypeOverrideAppliesTo">AllNumericTypes</P>
    <P Name="MinMaxOverflowLogging">UseLocalSettings</P>
    <P Name="MinMaxOverflowArchiveMode">Overwrite</P>
    <P Name="FPTRunName">Run 1</P>
    <P Name="MaxMDLFileLineLength">120</P>
    <P Name="InitFcn">param</P>
    <Object PropName="BdWindowsInfo" ObjectID="1" ClassName="Simulink.BDWindowsInfo">
      <Object PropName="WindowsInfo" ObjectID="2" ClassName="Simulink.WindowInfo">
        <P Name="IsActive" Class="logical">1</P>
        <P Name="Location" Class="double">[449.0, 40.0, 1166.0, 722.0]</P>
        <Object PropName="ModelBrowserInfo" ObjectID="3" ClassName="Simulink.ModelBrowserInfo">
          <P Name="Visible" Class="logical">0</P>
          <P Name="DockPosition" Class="char">Left</P>
          <P Name="Width" Class="int32">50</P>
          <P Name="Height" Class="int32">50</P>
          <P Name="Filter" Class="int32">9</P>
        </Object>
        <Object PropName="ExplorerBarInfo" ObjectID="4" ClassName="Simulink.ExplorerBarInfo">
          <P Name="Visible" Class="logical">1</P>
        </Object>
        <Object PropName="EditorsInfo" ObjectID="5" ClassName="Simulink.EditorInfo">
          <P Name="IsActive" Class="logical">1</P>
          <P Name="ViewObjType" Class="char">SimulinkTopLevel</P>
          <P Name="LoadSaveID" Class="char">0</P>
          <P Name="Extents" Class="double">[1116.0, 547.0]</P>
          <P Name="ZoomFactor" Class="double">1.0</P>
          <P Name="Offset" Class="double">[0.0, 0.0]</P>
        </Object>
      </Object>
    </Object>
    <ConfigManagerSettings>
      <P Name="UpdateHistory">UpdateHistoryNever</P>
      <P Name="ModifiedByFormat">%&lt;Auto&gt;</P>
      <P Name="ModifiedDateFormat">%&lt;Auto&gt;</P>
      <P Name="RTWModifiedTimeStamp">383325519</P>
      <P Name="ModelVersionFormat">1.%&lt;AutoIncrement:98&gt;</P>
    </ConfigManagerSettings>
    <EditorSettings>
      <P Name="SampleTimeColors">off</P>
      <P Name="SampleTimeAnnotations">off</P>
      <P Name="LibraryLinkDisplay">none</P>
      <P Name="WideLines">off</P>
      <P Name="ShowLineDimensions">off</P>
      <P Name="ShowPortDataTypes">off</P>
      <P Name="ShowDesignRanges">off</P>
      <P Name="ShowLoopsOnError">on</P>
      <P Name="IgnoreBidirectionalLines">off</P>
      <P Name="ShowStorageClass">off</P>
      <P Name="ShowTestPointIcons">on</P>
      <P Name="ShowSignalResolutionIcons">on</P>
      <P Name="ShowViewerIcons">on</P>
      <P Name="SortedOrder">off</P>
      <P Name="ExecutionContextIcon">off</P>
      <P Name="ShowLinearizationAnnotations">on</P>
      <P Name="ShowVisualizeInsertedRTB">on</P>
      <P Name="ShowMarkup">on</P>
      <P Name="BlockNameDataTip">off</P>
      <P Name="BlockParametersDataTip">off</P>
      <P Name="BlockDescriptionStringDataTip">off</P>
      <P Name="ToolBar">on</P>
      <P Name="StatusBar">on</P>
      <P Name="BrowserShowLibraryLinks">off</P>
      <P Name="BrowserLookUnderMasks">off</P>
    </EditorSettings>
    <SimulationSettings>
      <P Name="SimulationMode">normal</P>
      <P Name="PauseTimes">5</P>
      <P Name="NumberOfSteps">1</P>
      <P Name="SnapshotBufferSize">10</P>
      <P Name="SnapshotInterval">10</P>
      <P Name="NumberOfLastSnapshots">0</P>
      <P Name="LinearizationMsg">none</P>
      <P Name="Profile">off</P>
      <P Name="ParamWorkspaceSource">MATLABWorkspace</P>
      <P Name="AccelSystemTargetFile">accel.tlc</P>
      <P Name="AccelTemplateMakefile">accel_default_tmf</P>
      <P Name="AccelMakeCommand">make_rtw</P>
      <P Name="TryForcingSFcnDF">off</P>
      <Object PropName="DataLoggingOverride" ObjectID="6" ClassName="Simulink.SimulationData.ModelLoggingInfo">
        <P Name="model_" Class="char">ballbeam_sim2</P>
        <Array PropName="logAsSpecifiedByModels_" Type="Cell" Dimension="1*1">
          <Cell Class="char">ballbeam_sim2</Cell>
        </Array>
        <Array PropName="logAsSpecifiedByModelsSSIDs_" Type="Cell" Dimension="1*1">
          <Cell Class="char"></Cell>
        </Array>
      </Object>
    </SimulationSettings>
    <ExternalMode>
      <P Name="ExtModeBatchMode">off</P>
      <P Name="ExtModeEnableFloating">on</P>
      <P Name="ExtModeTrigType">manual</P>
      <P Name="ExtModeTrigMode">normal</P>
      <P Name="ExtModeTrigPort">1</P>
      <P Name="ExtModeTrigElement">any</P>
      <P Name="ExtModeTrigDuration">1000</P>
      <P Name="ExtModeTrigDurationFloating">auto</P>
      <P Name="ExtModeTrigHoldOff">0</P>
      <P Name="ExtModeTrigDelay">0</P>
      <P Name="ExtModeTrigDirection">rising</P>
      <P Name="ExtModeTrigLevel">0</P>
      <P Name="ExtModeArchiveMode">off</P>
      <P Name="ExtModeAutoIncOneShot">off</P>
      <P Name="ExtModeIncDirWhenArm">off</P>
      <P Name="ExtModeAddSuffixToVar">off</P>
      <P Name="ExtModeWriteAllDataToWs">off</P>
      <P Name="ExtModeArmWhenConnect">on</P>
      <P Name="ExtModeSkipDownloadWhenConnect">off</P>
      <P Name="ExtModeLogAll">on</P>
      <P Name="ExtModeAutoUpdateStatusClock">on</P>
    </ExternalMode>
    <ModelReferenceSettings>
      <P Name="ShowModelReferenceBlockVersion">off</P>
      <P Name="ShowModelReferenceBlockIO">off</P>
    </ModelReferenceSettings>
    <ConcurrentExecutionSettings>
      <Object PropName="DataTransfer" ObjectID="7" ClassName="Simulink.GlobalDataTransfer">
        <P Name="DefaultTransitionBetweenSyncTasks" Class="char">Ensure deterministic transfer (maximum delay)</P>
        <P Name="DefaultTransitionBetweenAsyncTasks" Class="char">Ensure data integrity only</P>
        <P Name="DefaultTransitionBetweenContTasks" Class="char">Ensure deterministic transfer (minimum delay)</P>
        <P Name="DefaultExtrapolationMethodBetweenContTasks" Class="char">None</P>
        <P Name="AutoInsertRateTranBlk" Class="logical">0</P>
      </Object>
      <P Name="ExplicitPartitioning">off</P>
    </ConcurrentExecutionSettings>
    <SystemDefaults>
      <P Name="PaperOrientation">landscape</P>
      <P Name="PaperPositionMode">auto</P>
      <P Name="PaperType">usletter</P>
      <P Name="PaperUnits">inches</P>
      <P Name="TiledPaperMargins">[0.500000, 0.500000, 0.500000, 0.500000]</P>
      <P Name="TiledPageScale">1</P>
      <P Name="ShowPageBoundaries">off</P>
      <P Name="ModelBrowserVisibility">off</P>
      <P Name="ModelBrowserWidth">200</P>
      <P Name="ScreenColor">white</P>
    </SystemDefaults>
    <BlockDefaults>
      <P Name="ForegroundColor">black</P>
      <P Name="BackgroundColor">white</P>
      <P Name="DropShadow">off</P>
      <P Name="NamePlacement">normal</P>
      <P Name="FontName">Arial</P>
      <P Name="FontSize">10</P>
      <P Name="FontWeight">normal</P>
      <P Name="FontAngle">normal</P>
      <P Name="ShowName">on</P>
      <P Name="BlockRotation">0</P>
      <P Name="BlockMirror">off</P>
    </BlockDefaults>
    <AnnotationDefaults>
      <P Name="HorizontalAlignment">center</P>
      <P Name="VerticalAlignment">middle</P>
      <P Name="ForegroundColor">black</P>
      <P Name="BackgroundColor">white</P>
      <P Name="DropShadow">off</P>
      <P Name="FontName">Arial</P>
      <P Name="FontSize">10</P>
      <P Name="FontWeight">normal</P>
      <P Name="FontAngle">normal</P>
      <P Name="UseDisplayTextAsClickCallback">off</P>
    </AnnotationDefaults>
    <LineDefaults>
      <P Name="FontName">Arial</P>
      <P Name="FontSize">9</P>
      <P Name="FontWeight">normal</P>
      <P Name="FontAngle">normal</P>
    </LineDefaults>
    <MaskDefaults>
      <P Name="SelfModifiable">off</P>
      <P Name="IconFrame">on</P>
      <P Name="IconOpaque">on</P>
      <P Name="RunInitForIconRedraw">off</P>
      <P Name="IconRotate">none</P>
      <P Name="PortRotate">default</P>
      <P Name="IconUnits">autoscale</P>
    </MaskDefaults>
    <MaskParameterDefaults>
      <P Name="Evaluate">on</P>
      <P Name="Tunable">on</P>
      <P Name="NeverSave">off</P>
      <P Name="Internal">off</P>
      <P Name="ReadOnly">off</P>
      <P Name="Enabled">on</P>
      <P Name="Visible">on</P>
      <P Name="ToolTip">on</P>
    </MaskParameterDefaults>
    <BlockParameterDefaults>
      <Block BlockType="Clock">
        <P Name="DisplayTime">off</P>
        <P Name="Decimation">10</P>
      </Block>
      <Block BlockType="Constant">
        <P Name="Value">1</P>
        <P Name="VectorParams1D">on</P>
        <P Name="SamplingMode">Sample based</P>
        <P Name="OutMin">[]</P>
        <P Name="OutMax">[]</P>
        <P Name="OutDataTypeStr">Inherit: Inherit from &apos;Constant value&apos;</P>
        <P Name="LockScale">off</P>
        <P Name="SampleTime">inf</P>
        <P Name="FramePeriod">inf</P>
        <P Name="PreserveConstantTs">off</P>
      </Block>
      <Block BlockType="Demux">
        <P Name="Outputs">4</P>
        <P Name="DisplayOption">none</P>
        <P Name="BusSelectionMode">off</P>
      </Block>
      <Block BlockType="Derivative">
        <P Name="CoefficientInTFapproximation">inf</P>
      </Block>
      <Block BlockType="Fcn">
        <P Name="Expr">sin(u[1])</P>
        <P Name="SampleTime">-1</P>
      </Block>
      <Block BlockType="Gain">
        <P Name="Gain">1</P>
        <P Name="Multiplication">Element-wise(K.*u)</P>
        <P Name="ParamMin">[]</P>
        <P Name="ParamMax">[]</P>
        <P Name="ParamDataTypeStr">Inherit: Same as input</P>
        <P Name="OutMin">[]</P>
        <P Name="OutMax">[]</P>
        <P Name="OutDataTypeStr">Inherit: Same as input</P>
        <P Name="LockScale">off</P>
        <P Name="RndMeth">Floor</P>
        <P Name="SaturateOnIntegerOverflow">on</P>
        <P Name="SampleTime">-1</P>
      </Block>
      <Block BlockType="Inport">
        <P Name="Port">1</P>
        <P Name="OutputFunctionCall">off</P>
        <P Name="OutMin">[]</P>
        <P Name="OutMax">[]</P>
        <P Name="OutDataTypeStr">Inherit: auto</P>
        <P Name="LockScale">off</P>
        <P Name="BusOutputAsStruct">off</P>
        <P Name="PortDimensions">-1</P>
        <P Name="VarSizeSig">Inherit</P>
        <P Name="SampleTime">-1</P>
        <P Name="SignalType">auto</P>
        <P Name="SamplingMode">auto</P>
        <P Name="LatchByDelayingOutsideSignal">off</P>
        <P Name="LatchInputForFeedbackSignals">off</P>
        <P Name="Interpolate">on</P>
      </Block>
      <Block BlockType="MATLABFcn">
        <P Name="MATLABFcn">sin</P>
        <P Name="OutputDimensions">-1</P>
        <P Name="OutputSignalType">auto</P>
        <P Name="Output1D">on</P>
        <P Name="SampleTime">-1</P>
      </Block>
      <Block BlockType="Mux">
        <P Name="Inputs">4</P>
        <P Name="DisplayOption">none</P>
        <P Name="UseBusObject">off</P>
        <P Name="BusObject">BusObject</P>
        <P Name="NonVirtualBus">off</P>
      </Block>
      <Block BlockType="Outport">
        <P Name="Port">1</P>
        <P Name="OutMin">[]</P>
        <P Name="OutMax">[]</P>
        <P Name="OutDataTypeStr">Inherit: auto</P>
        <P Name="LockScale">off</P>
        <P Name="BusOutputAsStruct">off</P>
        <P Name="PortDimensions">-1</P>
        <P Name="VarSizeSig">Inherit</P>
        <P Name="SampleTime">-1</P>
        <P Name="SignalType">auto</P>
        <P Name="SamplingMode">auto</P>
        <P Name="SourceOfInitialOutputValue">Dialog</P>
        <P Name="OutputWhenDisabled">held</P>
        <P Name="InitialOutput">[]</P>
      </Block>
      <Block BlockType="S-Function">
        <P Name="FunctionName">system</P>
        <P Name="SFunctionModules">&apos;&apos;</P>
        <P Name="PortCounts">[]</P>
      </Block>
      <Block BlockType="Saturate">
        <P Name="UpperLimitSource">Dialog</P>
        <P Name="UpperLimit">0.5</P>
        <P Name="LowerLimitSource">Dialog</P>
        <P Name="LowerLimit">-0.5</P>
        <P Name="LinearizeAsGain">on</P>
        <P Name="ZeroCross">on</P>
        <P Name="SampleTime">-1</P>
        <P Name="OutMin">[]</P>
        <P Name="OutMax">[]</P>
        <P Name="OutDataTypeStr">Inherit: Same as input</P>
        <P Name="LockScale">off</P>
        <P Name="RndMeth">Floor</P>
      </Block>
      <Block BlockType="Scope">
        <P Name="DefaultConfigurationName">Simulink.scopes.TimeScopeBlockCfg</P>
        <P Name="NumInputPorts">1</P>
        <P Name="Floating">off</P>
      </Block>
      <Block BlockType="SignalGenerator">
        <P Name="WaveForm">sine</P>
        <P Name="TimeSource">Use simulation time</P>
        <P Name="Amplitude">1</P>
        <P Name="Frequency">1</P>
        <P Name="Units">Hertz</P>
        <P Name="VectorParams1D">on</P>
      </Block>
      <Block BlockType="SubSystem">
        <P Name="ShowPortLabels">FromPortIcon</P>
        <P Name="Permissions">ReadWrite</P>
        <P Name="PermitHierarchicalResolution">All</P>
        <P Name="TreatAsAtomicUnit">off</P>
        <P Name="MinAlgLoopOccurrences">off</P>
        <P Name="PropExecContextOutsideSubsystem">off</P>
        <P Name="CheckFcnCallInpInsideContextMsg">off</P>
        <P Name="SystemSampleTime">-1</P>
        <P Name="RTWSystemCode">Auto</P>
        <P Name="RTWFcnNameOpts">Auto</P>
        <P Name="RTWFileNameOpts">Auto</P>
        <P Name="FunctionInterfaceSpec">void_void</P>
        <P Name="FunctionWithSeparateData">off</P>
        <P Name="RTWMemSecFuncInitTerm">Inherit from model</P>
        <P Name="RTWMemSecFuncExecute">Inherit from model</P>
        <P Name="RTWMemSecDataConstants">Inherit from model</P>
        <P Name="RTWMemSecDataInternal">Inherit from model</P>
        <P Name="RTWMemSecDataParameters">Inherit from model</P>
        <P Name="SimViewingDevice">off</P>
        <P Name="DataTypeOverride">UseLocalSettings</P>
        <P Name="DataTypeOverrideAppliesTo">AllNumericTypes</P>
        <P Name="MinMaxOverflowLogging">UseLocalSettings</P>
        <P Name="Opaque">off</P>
        <P Name="MaskHideContents">off</P>
        <P Name="SFBlockType">NONE</P>
        <P Name="GeneratePreprocessorConditionals">off</P>
        <P Name="ContentPreviewEnabled">off</P>
        <P Name="IsWebBlock">off</P>
      </Block>
      <Block BlockType="Sum">
        <P Name="IconShape">rectangular</P>
        <P Name="Inputs">++</P>
        <P Name="CollapseMode">All dimensions</P>
        <P Name="CollapseDim">1</P>
        <P Name="InputSameDT">on</P>
        <P Name="AccumDataTypeStr">Inherit: Inherit via internal rule</P>
        <P Name="OutMin">[]</P>
        <P Name="OutMax">[]</P>
        <P Name="OutDataTypeStr">Inherit: Same as first input</P>
        <P Name="LockScale">off</P>
        <P Name="RndMeth">Floor</P>
        <P Name="SaturateOnIntegerOverflow">on</P>
        <P Name="SampleTime">-1</P>
      </Block>
    </BlockParameterDefaults>
    <System>
      <P Name="Location">[449, 40, 1615, 762]</P>
      <P Name="Open">on</P>
      <P Name="TiledPaperMargins">[0.500000, 0.500000, 0.500000, 0.500000]</P>
      <P Name="ZoomFactor">100</P>
      <P Name="ReportName">simulink-default.rpt</P>
      <P Name="SIDHighWatermark">55</P>
      <Block BlockType="SubSystem" Name="Angle&#xA;PD&#xA;Control&#xA;" SID="16">
        <P Name="Ports">[2, 1]</P>
        <P Name="Position">[340, 199, 410, 246]</P>
        <P Name="ZOrder">33</P>
        <P Name="RequestExecContextInheritance">off</P>
        <P Name="Variant">off</P>
        <System>
          <P Name="Location">[449, 40, 1615, 762]</P>
          <P Name="Open">off</P>
          <P Name="TiledPaperMargins">[0.500000, 0.500000, 0.500000, 0.500000]</P>
          <P Name="ZoomFactor">100</P>
          <Block BlockType="Inport" Name="theta_c" SID="17">
            <P Name="Position">[105, 118, 135, 132]</P>
            <P Name="ZOrder">28</P>
            <P Name="IconDisplay">Port number</P>
          </Block>
          <Block BlockType="Inport" Name="theta" SID="18">
            <P Name="Position">[520, 280, 535, 310]</P>
            <P Name="ZOrder">29</P>
            <P Name="BlockMirror">on</P>
            <P Name="NamePlacement">alternate</P>
            <P Name="Port">2</P>
            <P Name="IconDisplay">Port number</P>
          </Block>
          <Block BlockType="Derivative" Name="Derivative" SID="19">
            <P Name="Position">[380, 195, 410, 225]</P>
            <P Name="ZOrder">26</P>
          </Block>
          <Block BlockType="Scope" Name="Force" SID="20">
            <P Name="Ports">[1]</P>
            <P Name="Position">[520, 34, 550, 66]</P>
            <P Name="ZOrder">14</P>
            <P Name="ScopeSpecificationString">Simulink.scopes.TimeScopeBlockCfg(&apos;CurrentConfiguration&apos;, extmgr.ConfigurationSet(extmgr.Configuration(&apos;Core&apos;,&apos;General UI&apos;,true),extmgr.Configuration(&apos;Core&apos;,&apos;Source UI&apos;,true),extmgr.Configuration(&apos;Sources&apos;,&apos;WiredSimulink&apos;,true,&apos;DataLoggingSaveFormat&apos;,&apos;StructureWithTime&apos;,&apos;DataLoggingLimitDataPoints&apos;,true,&apos;DataLoggingDecimation&apos;,&apos;1&apos;,&apos;DataLoggingDecimateData&apos;,true),extmgr.Configuration(&apos;Visuals&apos;,&apos;Time Domain&apos;,true,&apos;SerializedDisplays&apos;,{struct(&apos;MinYLimReal&apos;,&apos;-5.22749&apos;,&apos;MaxYLimReal&apos;,&apos;5.22762&apos;,&apos;YLabelReal&apos;,&apos;&apos;,&apos;MinYLimMag&apos;,&apos;0.00000&apos;,&apos;MaxYLimMag&apos;,&apos;5.22762&apos;,&apos;LegendVisibility&apos;,&apos;off&apos;,&apos;XGrid&apos;,true,&apos;YGrid&apos;,true,&apos;PlotMagPhase&apos;,false,&apos;AxesColor&apos;,[0 0 0],&apos;AxesTickColor&apos;,[0.686274509803922 0.686274509803922 0.686274509803922],&apos;ColorOrder&apos;,[1 1 0.0666666666666667;0.0745098039215686 0.623529411764706 1;1 0.411764705882353 0.16078431372549;0.392156862745098 0.831372549019608 0.0745098039215686;0.717647058823529 0.274509803921569 1;0.0588235294117647 1 1;1 0.0745098039215686 0.650980392156863],&apos;Title&apos;,&apos;%&lt;SignalLabel&gt;&apos;,&apos;LinePropertiesCache&apos;,{{}},&apos;UserDefinedChannelNames&apos;,{{}},&apos;NumLines&apos;,1,&apos;LineNames&apos;,{{&apos;Saturation&apos;}},&apos;ShowContent&apos;,true,&apos;Placement&apos;,1)},&apos;DisplayPropertyDefaults&apos;,struct(&apos;MinYLimReal&apos;,&apos;-5.22749&apos;,&apos;MaxYLimReal&apos;,&apos;5.22762&apos;,&apos;YLabelReal&apos;,&apos;&apos;,&apos;MinYLimMag&apos;,&apos;0.00000&apos;,&apos;MaxYLimMag&apos;,&apos;5.22762&apos;,&apos;LegendVisibility&apos;,&apos;off&apos;,&apos;XGrid&apos;,true,&apos;YGrid&apos;,true,&apos;PlotMagPhase&apos;,false,&apos;AxesColor&apos;,[0 0 0],&apos;AxesTickColor&apos;,[0.686274509803922 0.686274509803922 0.686274509803922],&apos;ColorOrder&apos;,[1 1 0.0666666666666667;0.0745098039215686 0.623529411764706 1;1 0.411764705882353 0.16078431372549;0.392156862745098 0.831372549019608 0.0745098039215686;0.717647058823529 0.274509803921569 1;0.0588235294117647 1 1;1 0.0745098039215686 0.650980392156863],&apos;Title&apos;,&apos;%&lt;SignalLabel&gt;&apos;,&apos;LinePropertiesCache&apos;,{{}},&apos;UserDefinedChannelNames&apos;,{{}},&apos;NumLines&apos;,0,&apos;LineNames&apos;,{{[]}},&apos;ShowContent&apos;,true,&apos;Placement&apos;,1)),extmgr.Configuration(&apos;Tools&apos;,&apos;Plot Navigation&apos;,true,&apos;OnceAtStop&apos;,false,&apos;PreviousAutoscale&apos;,&apos;XY&apos;),extmgr.Configuration(&apos;Tools&apos;,&apos;Measurements&apos;,true,&apos;Version&apos;,&apos;2015b&apos;)),&apos;Version&apos;,&apos;2015b&apos;,&apos;Location&apos;,[148 532 704 823],&apos;VisibleAtModelOpen&apos;,&apos;on&apos;)</P>
          </Block>
          <Block BlockType="Mux" Name="Mux" SID="21">
            <P Name="Ports">[2, 1]</P>
            <P Name="Position">[180, 266, 185, 304]</P>
            <P Name="ZOrder">23</P>
            <P Name="BlockMirror">on</P>
            <P Name="NamePlacement">alternate</P>
            <P Name="ShowName">off</P>
            <P Name="Inputs">2</P>
            <P Name="DisplayOption">bar</P>
          </Block>
          <Block BlockType="Saturate" Name="Saturation" SID="55">
            <P Name="Ports">[1, 1]</P>
            <P Name="Position">[455, 10, 485, 40]</P>
            <P Name="ZOrder">33</P>
            <P Name="InputPortMap">u0</P>
            <P Name="UpperLimit">15</P>
            <P Name="LowerLimit">-15</P>
          </Block>
          <Block BlockType="Sum" Name="Sum" SID="22">
            <P Name="Ports">[2, 1]</P>
            <P Name="Position">[420, 115, 440, 135]</P>
            <P Name="ZOrder">21</P>
            <P Name="ShowName">off</P>
            <P Name="IconShape">round</P>
            <P Name="Inputs">|+-</P>
            <P Name="InputSameDT">off</P>
            <P Name="OutDataTypeStr">Inherit: Inherit via internal rule</P>
            <P Name="SaturateOnIntegerOverflow">off</P>
          </Block>
          <Block BlockType="Sum" Name="Sum1" SID="23">
            <P Name="Ports">[2, 1]</P>
            <P Name="Position">[230, 115, 250, 135]</P>
            <P Name="ZOrder">20</P>
            <P Name="ShowName">off</P>
            <P Name="IconShape">round</P>
            <P Name="Inputs">|+-</P>
            <P Name="InputSameDT">off</P>
            <P Name="OutDataTypeStr">Inherit: Inherit via internal rule</P>
            <P Name="SaturateOnIntegerOverflow">off</P>
          </Block>
          <Block BlockType="Gain" Name="kd" SID="24">
            <P Name="Position">[265, 195, 350, 225]</P>
            <P Name="ZOrder">18</P>
            <P Name="Gain">P.kd_th</P>
            <P Name="ParamDataTypeStr">Inherit: Inherit via internal rule</P>
            <P Name="OutDataTypeStr">Inherit: Inherit via internal rule</P>
            <P Name="SaturateOnIntegerOverflow">off</P>
          </Block>
          <Block BlockType="Gain" Name="kd1" SID="25">
            <P Name="Position">[135, 270, 165, 300]</P>
            <P Name="ZOrder">17</P>
            <P Name="BlockMirror">on</P>
            <P Name="NamePlacement">alternate</P>
            <P Name="ShowName">off</P>
            <P Name="Gain">180/pi</P>
            <P Name="ParamDataTypeStr">Inherit: Inherit via internal rule</P>
            <P Name="OutDataTypeStr">Inherit: Inherit via internal rule</P>
            <P Name="SaturateOnIntegerOverflow">off</P>
          </Block>
          <Block BlockType="Gain" Name="kp" SID="26">
            <P Name="Position">[275, 110, 360, 140]</P>
            <P Name="ZOrder">16</P>
            <P Name="Gain">P.kp_th</P>
            <P Name="ParamDataTypeStr">Inherit: Inherit via internal rule</P>
            <P Name="OutDataTypeStr">Inherit: Inherit via internal rule</P>
            <P Name="SaturateOnIntegerOverflow">off</P>
          </Block>
          <Block BlockType="Scope" Name="theta_" SID="27">
            <P Name="Ports">[1]</P>
            <P Name="Position">[85, 269, 115, 301]</P>
            <P Name="ZOrder">15</P>
            <P Name="BlockMirror">on</P>
            <P Name="NamePlacement">alternate</P>
            <P Name="ScopeSpecificationString">C++SS(StrPVP(&apos;Location&apos;,&apos;[784, 394, 1591, 889]&apos;),StrPVP(&apos;Open&apos;,&apos;off&apos;),MxPVP(&apos;AxesTitles&apos;,24,&apos;struct(&apos;&apos;axes1&apos;&apos;,&apos;&apos;%&lt;SignalLabel&gt;&apos;&apos;)&apos;),MxPVP(&apos;ScopeGraphics&apos;,28,&apos;struct(&apos;&apos;FigureColor&apos;&apos;,&apos;&apos;[0.5 0.5 0.5]&apos;&apos;,&apos;&apos;AxesColor&apos;&apos;,&apos;&apos;[0 0 0]&apos;&apos;,&apos;&apos;AxesTickColor&apos;&apos;,&apos;&apos;[1 1 1]&apos;&apos;,&apos;&apos;LineColors&apos;&apos;,&apos;&apos;[1 1 0;1 0 1;0 1 1;1 0 0;0 1 0;0 0 1]&apos;&apos;,&apos;&apos;LineStyles&apos;&apos;,&apos;&apos;-|-|-|-|-|-&apos;&apos;,&apos;&apos;LineWidths&apos;&apos;,&apos;&apos;[0.5 0.5 0.5 0.5 0.5 0.5]&apos;&apos;,&apos;&apos;MarkerStyles&apos;&apos;,&apos;&apos;none|none|none|none|none|none&apos;&apos;)&apos;),StrPVP(&apos;TimeRange&apos;,&apos;200&apos;),StrPVP(&apos;YMin&apos;,&apos;-0.1&apos;),StrPVP(&apos;YMax&apos;,&apos;0.1&apos;),StrPVP(&apos;SaveName&apos;,&apos;ScopeData1&apos;),StrPVP(&apos;DataFormat&apos;,&apos;StructureWithTime&apos;),StrPVP(&apos;BlockParamSampleTime&apos;,&apos;0&apos;),StrPVP(&apos;LimitDataPoints&apos;,&apos;on&apos;),StrPVP(&apos;Decimation&apos;,&apos;1&apos;),StrPVP(&apos;BlockParamSampleInput&apos;,&apos;off&apos;))</P>
          </Block>
          <Block BlockType="Outport" Name="F" SID="28">
            <P Name="Position">[505, 118, 535, 132]</P>
            <P Name="ZOrder">32</P>
            <P Name="IconDisplay">Port number</P>
          </Block>
          <Line>
            <P Name="ZOrder">1</P>
            <P Name="Src">19#out:1</P>
            <P Name="Points">[15, 0]</P>
            <P Name="Dst">22#in:2</P>
          </Line>
          <Line>
            <P Name="ZOrder">2</P>
            <P Name="Src">24#out:1</P>
            <P Name="Dst">19#in:1</P>
          </Line>
          <Line>
            <P Name="ZOrder">3</P>
            <P Name="Src">21#out:1</P>
            <P Name="Dst">25#in:1</P>
          </Line>
          <Line>
            <P Name="ZOrder">4</P>
            <P Name="Src">26#out:1</P>
            <P Name="Dst">22#in:1</P>
          </Line>
          <Line>
            <P Name="ZOrder">5</P>
            <P Name="Src">25#out:1</P>
            <P Name="Dst">27#in:1</P>
          </Line>
          <Line>
            <P Name="ZOrder">6</P>
            <P Name="Src">23#out:1</P>
            <P Name="Dst">26#in:1</P>
          </Line>
          <Line>
            <P Name="ZOrder">7</P>
            <P Name="Src">18#out:1</P>
            <P Name="Points">[-275, 0]</P>
            <Branch>
              <P Name="ZOrder">8</P>
              <P Name="Dst">21#in:2</P>
            </Branch>
            <Branch>
              <P Name="ZOrder">9</P>
              <P Name="Points">[0, -85]</P>
              <Branch>
                <P Name="ZOrder">10</P>
                <P Name="Dst">23#in:2</P>
              </Branch>
              <Branch>
                <P Name="ZOrder">11</P>
                <P Name="Dst">24#in:1</P>
              </Branch>
            </Branch>
          </Line>
          <Line>
            <P Name="ZOrder">15</P>
            <P Name="Src">17#out:1</P>
            <P Name="Points">[70, 0]</P>
            <Branch>
              <P Name="ZOrder">16</P>
              <P Name="Points">[0, 150]</P>
              <P Name="Dst">21#in:1</P>
            </Branch>
            <Branch>
              <P Name="ZOrder">17</P>
              <P Name="Dst">23#in:1</P>
            </Branch>
          </Line>
          <Line>
            <P Name="ZOrder">18</P>
            <P Name="Src">22#out:1</P>
            <P Name="Points">[0, -100]</P>
            <P Name="Dst">55#in:1</P>
          </Line>
          <Line>
            <P Name="ZOrder">19</P>
            <P Name="Src">55#out:1</P>
            <P Name="Points">[7, 0; 0, 25]</P>
            <Branch>
              <P Name="ZOrder">21</P>
              <P Name="Dst">20#in:1</P>
            </Branch>
            <Branch>
              <P Name="ZOrder">20</P>
              <P Name="Points">[0, 75]</P>
              <P Name="Dst">28#in:1</P>
            </Branch>
          </Line>
        </System>
      </Block>
      <Block BlockType="S-Function" Name="Ball on Beam Dynamics" SID="13">
        <P Name="Ports">[1, 1]</P>
        <P Name="Position">[520, 210, 630, 240]</P>
        <P Name="ZOrder">-1</P>
        <P Name="FunctionName">ballbeam_dynamics</P>
        <P Name="Parameters">AP</P>
        <P Name="SFunctionDeploymentMode">off</P>
        <P Name="EnableBusSupport">off</P>
      </Block>
      <Block BlockType="Constant" Name="Constant" SID="52">
        <P Name="Position">[100, 105, 130, 135]</P>
        <P Name="ZOrder">39</P>
        <P Name="BlockRotation">270</P>
        <P Name="BlockMirror">on</P>
        <P Name="NamePlacement">alternate</P>
        <P Name="Value">.25</P>
      </Block>
      <Block BlockType="Demux" Name="Demux" SID="29">
        <P Name="Ports">[1, 2]</P>
        <P Name="Position">[710, 206, 715, 244]</P>
        <P Name="ZOrder">34</P>
        <P Name="ShowName">off</P>
        <P Name="Outputs">2</P>
        <P Name="DisplayOption">bar</P>
      </Block>
      <Block BlockType="Fcn" Name="Fcn" SID="51">
        <P Name="Position">[377, 110, 543, 130]</P>
        <P Name="ZOrder">38</P>
        <P Name="BlockRotation">270</P>
        <P Name="BlockMirror">on</P>
        <P Name="NamePlacement">alternate</P>
        <P Name="Expr">P.m1*P.g/P.L*u+P.m2*P.g/2</P>
      </Block>
      <Block BlockType="Scope" Name="Scope" SID="54">
        <P Name="Ports">[1]</P>
        <P Name="Position">[275, 89, 305, 121]</P>
        <P Name="ZOrder">41</P>
        <P Name="ScopeSpecificationString">C++SS(StrPVP(&apos;Location&apos;,&apos;[188, 365, 512, 604]&apos;),StrPVP(&apos;Open&apos;,&apos;off&apos;),MxPVP(&apos;AxesTitles&apos;,24,&apos;struct(&apos;&apos;axes1&apos;&apos;,&apos;&apos;%&lt;SignalLabel&gt;&apos;&apos;)&apos;),MxPVP(&apos;ScopeGraphics&apos;,28,&apos;struct(&apos;&apos;FigureColor&apos;&apos;,&apos;&apos;[0.5 0.5 0.5]&apos;&apos;,&apos;&apos;AxesColor&apos;&apos;,&apos;&apos;[0 0 0]&apos;&apos;,&apos;&apos;AxesTickColor&apos;&apos;,&apos;&apos;[1 1 1]&apos;&apos;,&apos;&apos;LineColors&apos;&apos;,&apos;&apos;[1 1 0;1 0 1;0 1 1;1 0 0;0 1 0;0 0 1]&apos;&apos;,&apos;&apos;LineStyles&apos;&apos;,&apos;&apos;-|-|-|-|-|-&apos;&apos;,&apos;&apos;LineWidths&apos;&apos;,&apos;&apos;[0.5 0.5 0.5 0.5 0.5 0.5]&apos;&apos;,&apos;&apos;MarkerStyles&apos;&apos;,&apos;&apos;none|none|none|none|none|none&apos;&apos;)&apos;),StrPVP(&apos;YMin&apos;,&apos;-0.003&apos;),StrPVP(&apos;YMax&apos;,&apos;0.001&apos;),StrPVP(&apos;SaveName&apos;,&apos;ScopeData2&apos;),StrPVP(&apos;LimitDataPoints&apos;,&apos;on&apos;),StrPVP(&apos;DataFormat&apos;,&apos;Array&apos;),StrPVP(&apos;Decimation&apos;,&apos;1&apos;),StrPVP(&apos;BlockParamSampleInput&apos;,&apos;off&apos;))</P>
      </Block>
      <Block BlockType="Sum" Name="Sum" SID="49">
        <P Name="Ports">[2, 1]</P>
        <P Name="Position">[450, 215, 470, 235]</P>
        <P Name="ZOrder">36</P>
        <P Name="ShowName">off</P>
        <P Name="IconShape">round</P>
        <P Name="Inputs">++|</P>
        <P Name="InputSameDT">off</P>
        <P Name="OutDataTypeStr">Inherit: Inherit via internal rule</P>
        <P Name="SaturateOnIntegerOverflow">off</P>
      </Block>
      <Block BlockType="Sum" Name="Sum1" SID="53">
        <P Name="Ports">[2, 1]</P>
        <P Name="Position">[105, 185, 125, 205]</P>
        <P Name="ZOrder">40</P>
        <P Name="ShowName">off</P>
        <P Name="IconShape">round</P>
        <P Name="Inputs">++|</P>
        <P Name="InputSameDT">off</P>
        <P Name="OutDataTypeStr">Inherit: Inherit via internal rule</P>
        <P Name="SaturateOnIntegerOverflow">off</P>
      </Block>
      <Block BlockType="SubSystem" Name="drawBallBeam" SID="4">
        <P Name="Ports">[1]</P>
        <P Name="Position">[855, 88, 920, 152]</P>
        <P Name="ZOrder">-4</P>
        <P Name="RequestExecContextInheritance">off</P>
        <P Name="Variant">off</P>
        <Object PropName="MaskObject" ObjectID="8" ClassName="Simulink.Mask">
          <P Name="Display" Class="char">image(imread(&apos;tv.jpg&apos;))</P>
        </Object>
        <System>
          <P Name="Location">[1026, 58, 2192, 780]</P>
          <P Name="Open">off</P>
          <P Name="TiledPaperMargins">[0.500000, 0.500000, 0.500000, 0.500000]</P>
          <P Name="ZoomFactor">100</P>
          <Block BlockType="Inport" Name="x" SID="5">
            <P Name="Position">[100, 68, 130, 82]</P>
            <P Name="ZOrder">-1</P>
            <P Name="IconDisplay">Port number</P>
          </Block>
          <Block BlockType="Clock" Name="Clock" SID="6">
            <P Name="Position">[105, 115, 125, 135]</P>
            <P Name="ZOrder">-2</P>
          </Block>
          <Block BlockType="Mux" Name="Mux" SID="7">
            <P Name="Ports">[2, 1]</P>
            <P Name="Position">[185, 48, 190, 152]</P>
            <P Name="ZOrder">-3</P>
            <P Name="ShowName">off</P>
            <P Name="Inputs">2</P>
            <P Name="DisplayOption">bar</P>
          </Block>
          <Block BlockType="MATLABFcn" Name="drawBallBeam" SID="8">
            <P Name="Ports">[1]</P>
            <P Name="Position">[260, 85, 340, 115]</P>
            <P Name="ZOrder">-4</P>
            <P Name="MATLABFcn">drawBallBeam(u)</P>
            <P Name="OutputDimensions">0</P>
            <P Name="SampleTime">0.1</P>
          </Block>
          <Line>
            <P Name="ZOrder">1</P>
            <P Name="Src">7#out:1</P>
            <P Name="Dst">8#in:1</P>
          </Line>
          <Line>
            <P Name="ZOrder">2</P>
            <P Name="Src">5#out:1</P>
            <P Name="Dst">7#in:1</P>
          </Line>
          <Line>
            <P Name="ZOrder">3</P>
            <P Name="Src">6#out:1</P>
            <P Name="Dst">7#in:2</P>
          </Line>
        </System>
      </Block>
      <Block BlockType="SubSystem" Name="position&#xA;PD&#xA;Control" SID="36">
        <P Name="Ports">[2, 1]</P>
        <P Name="Position">[155, 184, 225, 231]</P>
        <P Name="ZOrder">35</P>
        <P Name="RequestExecContextInheritance">off</P>
        <P Name="Variant">off</P>
        <System>
          <P Name="Location">[546, 48, 1712, 770]</P>
          <P Name="Open">off</P>
          <P Name="TiledPaperMargins">[0.500000, 0.500000, 0.500000, 0.500000]</P>
          <P Name="ZoomFactor">100</P>
          <Block BlockType="Inport" Name="z_c" SID="37">
            <P Name="Position">[105, 118, 135, 132]</P>
            <P Name="ZOrder">28</P>
            <P Name="IconDisplay">Port number</P>
          </Block>
          <Block BlockType="Inport" Name="z" SID="38">
            <P Name="Position">[520, 280, 535, 310]</P>
            <P Name="ZOrder">29</P>
            <P Name="BlockMirror">on</P>
            <P Name="NamePlacement">alternate</P>
            <P Name="Port">2</P>
            <P Name="IconDisplay">Port number</P>
          </Block>
          <Block BlockType="Derivative" Name="Derivative" SID="39">
            <P Name="Position">[335, 195, 365, 225]</P>
            <P Name="ZOrder">26</P>
          </Block>
          <Block BlockType="Mux" Name="Mux" SID="40">
            <P Name="Ports">[2, 1]</P>
            <P Name="Position">[180, 266, 185, 304]</P>
            <P Name="ZOrder">23</P>
            <P Name="BlockMirror">on</P>
            <P Name="NamePlacement">alternate</P>
            <P Name="ShowName">off</P>
            <P Name="Inputs">2</P>
            <P Name="DisplayOption">bar</P>
          </Block>
          <Block BlockType="Sum" Name="Sum" SID="41">
            <P Name="Ports">[2, 1]</P>
            <P Name="Position">[375, 115, 395, 135]</P>
            <P Name="ZOrder">21</P>
            <P Name="ShowName">off</P>
            <P Name="IconShape">round</P>
            <P Name="Inputs">|+-</P>
            <P Name="InputSameDT">off</P>
            <P Name="OutDataTypeStr">Inherit: Inherit via internal rule</P>
            <P Name="SaturateOnIntegerOverflow">off</P>
          </Block>
          <Block BlockType="Sum" Name="Sum1" SID="42">
            <P Name="Ports">[2, 1]</P>
            <P Name="Position">[230, 115, 250, 135]</P>
            <P Name="ZOrder">20</P>
            <P Name="ShowName">off</P>
            <P Name="IconShape">round</P>
            <P Name="Inputs">|+-</P>
            <P Name="InputSameDT">off</P>
            <P Name="OutDataTypeStr">Inherit: Inherit via internal rule</P>
            <P Name="SaturateOnIntegerOverflow">off</P>
          </Block>
          <Block BlockType="Gain" Name="kd" SID="43">
            <P Name="Position">[265, 195, 310, 225]</P>
            <P Name="ZOrder">18</P>
            <P Name="Gain">P.kd_z</P>
            <P Name="ParamDataTypeStr">Inherit: Inherit via internal rule</P>
            <P Name="OutDataTypeStr">Inherit: Inherit via internal rule</P>
            <P Name="SaturateOnIntegerOverflow">off</P>
          </Block>
          <Block BlockType="Gain" Name="kp" SID="44">
            <P Name="Position">[275, 110, 330, 140]</P>
            <P Name="ZOrder">16</P>
            <P Name="Gain">P.kp_z</P>
            <P Name="ParamDataTypeStr">Inherit: Inherit via internal rule</P>
            <P Name="OutDataTypeStr">Inherit: Inherit via internal rule</P>
            <P Name="SaturateOnIntegerOverflow">off</P>
          </Block>
          <Block BlockType="Scope" Name="theta_c_" SID="45">
            <P Name="Ports">[1]</P>
            <P Name="Position">[520, 34, 550, 66]</P>
            <P Name="ZOrder">14</P>
            <P Name="ScopeSpecificationString">C++SS(StrPVP(&apos;Location&apos;,&apos;[2020, 456, 2344, 695]&apos;),StrPVP(&apos;Open&apos;,&apos;off&apos;),MxPVP(&apos;AxesTitles&apos;,24,&apos;struct(&apos;&apos;axes1&apos;&apos;,&apos;&apos;%&lt;SignalLabel&gt;&apos;&apos;)&apos;),MxPVP(&apos;ScopeGraphics&apos;,28,&apos;struct(&apos;&apos;FigureColor&apos;&apos;,&apos;&apos;[0.5 0.5 0.5]&apos;&apos;,&apos;&apos;AxesColor&apos;&apos;,&apos;&apos;[0 0 0]&apos;&apos;,&apos;&apos;AxesTickColor&apos;&apos;,&apos;&apos;[1 1 1]&apos;&apos;,&apos;&apos;LineColors&apos;&apos;,&apos;&apos;[1 1 0;1 0 1;0 1 1;1 0 0;0 1 0;0 0 1]&apos;&apos;,&apos;&apos;LineStyles&apos;&apos;,&apos;&apos;-|-|-|-|-|-&apos;&apos;,&apos;&apos;LineWidths&apos;&apos;,&apos;&apos;[0.5 0.5 0.5 0.5 0.5 0.5]&apos;&apos;,&apos;&apos;MarkerStyles&apos;&apos;,&apos;&apos;none|none|none|none|none|none&apos;&apos;)&apos;),StrPVP(&apos;YMin&apos;,&apos;0.15&apos;),StrPVP(&apos;YMax&apos;,&apos;1&apos;),StrPVP(&apos;DataFormat&apos;,&apos;StructureWithTime&apos;),StrPVP(&apos;BlockParamSampleTime&apos;,&apos;0&apos;),StrPVP(&apos;LimitDataPoints&apos;,&apos;on&apos;),StrPVP(&apos;Decimation&apos;,&apos;1&apos;),StrPVP(&apos;BlockParamSampleInput&apos;,&apos;off&apos;))</P>
          </Block>
          <Block BlockType="Scope" Name="z_" SID="46">
            <P Name="Ports">[1]</P>
            <P Name="Position">[85, 269, 115, 301]</P>
            <P Name="ZOrder">15</P>
            <P Name="BlockMirror">on</P>
            <P Name="NamePlacement">alternate</P>
            <P Name="ScopeSpecificationString">C++SS(StrPVP(&apos;Location&apos;,&apos;[168, 225, 975, 720]&apos;),StrPVP(&apos;Open&apos;,&apos;off&apos;),MxPVP(&apos;AxesTitles&apos;,24,&apos;struct(&apos;&apos;axes1&apos;&apos;,&apos;&apos;%&lt;SignalLabel&gt;&apos;&apos;)&apos;),MxPVP(&apos;ScopeGraphics&apos;,28,&apos;struct(&apos;&apos;FigureColor&apos;&apos;,&apos;&apos;[0.5 0.5 0.5]&apos;&apos;,&apos;&apos;AxesColor&apos;&apos;,&apos;&apos;[0 0 0]&apos;&apos;,&apos;&apos;AxesTickColor&apos;&apos;,&apos;&apos;[1 1 1]&apos;&apos;,&apos;&apos;LineColors&apos;&apos;,&apos;&apos;[1 1 0;1 0 1;0 1 1;1 0 0;0 1 0;0 0 1]&apos;&apos;,&apos;&apos;LineStyles&apos;&apos;,&apos;&apos;-|-|-|-|-|-&apos;&apos;,&apos;&apos;LineWidths&apos;&apos;,&apos;&apos;[0.5 0.5 0.5 0.5 0.5 0.5]&apos;&apos;,&apos;&apos;MarkerStyles&apos;&apos;,&apos;&apos;none|none|none|none|none|none&apos;&apos;)&apos;),StrPVP(&apos;TimeRange&apos;,&apos;200&apos;),StrPVP(&apos;YMin&apos;,&apos;-0.05&apos;),StrPVP(&apos;YMax&apos;,&apos;0.55&apos;),StrPVP(&apos;SaveName&apos;,&apos;ScopeData1&apos;),StrPVP(&apos;DataFormat&apos;,&apos;StructureWithTime&apos;),StrPVP(&apos;BlockParamSampleTime&apos;,&apos;0&apos;),StrPVP(&apos;LimitDataPoints&apos;,&apos;on&apos;),StrPVP(&apos;Decimation&apos;,&apos;1&apos;),StrPVP(&apos;BlockParamSampleInput&apos;,&apos;off&apos;))</P>
          </Block>
          <Block BlockType="Outport" Name="theta_c" SID="47">
            <P Name="Position">[505, 118, 535, 132]</P>
            <P Name="ZOrder">32</P>
            <P Name="IconDisplay">Port number</P>
          </Block>
          <Line>
            <P Name="ZOrder">1</P>
            <P Name="Src">39#out:1</P>
            <P Name="Points">[15, 0]</P>
            <P Name="Dst">41#in:2</P>
          </Line>
          <Line>
            <P Name="ZOrder">2</P>
            <P Name="Src">43#out:1</P>
            <P Name="Dst">39#in:1</P>
          </Line>
          <Line>
            <P Name="ZOrder">3</P>
            <P Name="Src">44#out:1</P>
            <P Name="Dst">41#in:1</P>
          </Line>
          <Line>
            <P Name="ZOrder">4</P>
            <P Name="Src">40#out:1</P>
            <P Name="Dst">46#in:1</P>
          </Line>
          <Line>
            <P Name="ZOrder">5</P>
            <P Name="Src">42#out:1</P>
            <P Name="Dst">44#in:1</P>
          </Line>
          <Line>
            <P Name="ZOrder">6</P>
            <P Name="Src">38#out:1</P>
            <P Name="Points">[-275, 0]</P>
            <Branch>
              <P Name="ZOrder">7</P>
              <P Name="Dst">40#in:2</P>
            </Branch>
            <Branch>
              <P Name="ZOrder">8</P>
              <P Name="Points">[0, -85]</P>
              <Branch>
                <P Name="ZOrder">9</P>
                <P Name="Dst">42#in:2</P>
              </Branch>
              <Branch>
                <P Name="ZOrder">10</P>
                <P Name="Dst">43#in:1</P>
              </Branch>
            </Branch>
          </Line>
          <Line>
            <P Name="ZOrder">11</P>
            <P Name="Src">41#out:1</P>
            <P Name="Points">[71, 0]</P>
            <Branch>
              <P Name="ZOrder">12</P>
              <P Name="Dst">47#in:1</P>
            </Branch>
            <Branch>
              <P Name="ZOrder">13</P>
              <P Name="Points">[0, -75]</P>
              <P Name="Dst">45#in:1</P>
            </Branch>
          </Line>
          <Line>
            <P Name="ZOrder">14</P>
            <P Name="Src">37#out:1</P>
            <P Name="Points">[70, 0]</P>
            <Branch>
              <P Name="ZOrder">15</P>
              <P Name="Points">[0, 150]</P>
              <P Name="Dst">40#in:1</P>
            </Branch>
            <Branch>
              <P Name="ZOrder">16</P>
              <P Name="Dst">42#in:1</P>
            </Branch>
          </Line>
        </System>
      </Block>
      <Block BlockType="SignalGenerator" Name="z_c" SID="48">
        <P Name="Ports">[0, 1]</P>
        <P Name="Position">[50, 180, 80, 210]</P>
        <P Name="ZOrder">32</P>
        <P Name="WaveForm">square</P>
        <P Name="Amplitude">.15</P>
        <P Name="Frequency">.08</P>
      </Block>
      <Line>
        <P Name="ZOrder">13</P>
        <P Name="Src">13#out:1</P>
        <P Name="Points">[31, 0]</P>
        <Branch>
          <P Name="ZOrder">12</P>
          <P Name="Points">[0, -105]</P>
          <P Name="Dst">4#in:1</P>
        </Branch>
        <Branch>
          <P Name="ZOrder">4</P>
          <P Name="Dst">29#in:1</P>
        </Branch>
      </Line>
      <Line>
        <P Name="ZOrder">9</P>
        <P Name="Src">36#out:1</P>
        <P Name="Dst">16#in:1</P>
      </Line>
      <Line>
        <P Name="ZOrder">15</P>
        <P Name="Src">29#out:2</P>
        <P Name="Points">[2, 0]</P>
        <Branch>
          <P Name="ZOrder">24</P>
          <P Name="Points">[0, -151; -262, 0]</P>
          <P Name="Dst">51#in:1</P>
        </Branch>
        <Branch>
          <P Name="ZOrder">23</P>
          <P Name="Points">[0, 98; -581, 0; 0, -113]</P>
          <P Name="Dst">36#in:2</P>
        </Branch>
      </Line>
      <Line>
        <P Name="ZOrder">16</P>
        <P Name="Src">29#out:1</P>
        <P Name="Points">[9, 0; 0, 94; -403, 0; 0, -74]</P>
        <P Name="Dst">16#in:2</P>
      </Line>
      <Line>
        <P Name="ZOrder">18</P>
        <P Name="Src">49#out:1</P>
        <P Name="Dst">13#in:1</P>
      </Line>
      <Line>
        <P Name="ZOrder">22</P>
        <P Name="Src">51#out:1</P>
        <P Name="Dst">49#in:1</P>
      </Line>
      <Line>
        <P Name="ZOrder">26</P>
        <P Name="Src">16#out:1</P>
        <P Name="Dst">49#in:2</P>
      </Line>
      <Line>
        <P Name="ZOrder">28</P>
        <P Name="Src">48#out:1</P>
        <P Name="Dst">53#in:2</P>
      </Line>
      <Line>
        <P Name="ZOrder">29</P>
        <P Name="Src">53#out:1</P>
        <P Name="Dst">36#in:1</P>
      </Line>
      <Line>
        <P Name="ZOrder">30</P>
        <P Name="Src">52#out:1</P>
        <P Name="Dst">53#in:1</P>
      </Line>
      <Annotation SID="14">
        <P Name="Position">[38, 450, 40, 465]</P>
        <P Name="InternalMargins">[0, 0, 0, 0]</P>
        <P Name="FixedHeight">off</P>
        <P Name="FixedWidth">off</P>
        <P Name="ZOrder">-1</P>
      </Annotation>
      <Annotation SID="15">
        <P Name="Name">Ball on Beam Simulation</P>
        <P Name="Position">[185, 46, 324, 63]</P>
        <P Name="InternalMargins">[0, 0, 0, 0]</P>
        <P Name="FixedHeight">off</P>
        <P Name="FixedWidth">off</P>
        <P Name="ForegroundColor">blue</P>
        <P Name="ZOrder">-2</P>
        <P Name="FontSize">12</P>
        <P Name="FontWeight">bold</P>
      </Annotation>
    </System>
  </Model>
</ModelInformation>
